﻿{
  //单数据库配置
  "Single": {
    "ConnectString": "Server=.;Database=SimpleApi;User Id=;Password=;",
    "DatabaseType": "SqlServer",
    //"ConnectString": "user id=;password=;data source=//122.112.150.191:1521/ORCL;Pooling=true;Min Pool Size=1;",
    //"DatabaseType": "Oracle",
    "EntityAssembly": [ "Entity" ]
  },
  //多数据库配置
  "Multi": [
    {
      "Name": "微软",
      "Enable": false,
      "ConnectString": "Server=url;Database=database;User Id=uid;Password=pwd;",
      "DatabaseType": "SqlServer",
      "EntityAssembly": "Entity"
    },
    {
      "Name": "达梦",
      "Enable": false,
      "ConnectString": "server=url;port=port;user id=uid;password=pwd;database=databse;poolsize=1",
      "DatabaseType": "Dameng",
      "EntityAssembly": "Entity"
    },
    {
      "Name": "Oracle",
      "Enable": false,
      "ConnectString": "user id=uid;password=pwd;data source=//ip:port/ORCL;Pooling=true;Min Pool Size=1;",
      "DatabaseType": "Oracle",
      "EntityAssembly": "Entity"
    }
  ]
}