<?xml version="1.0"?>
<doc>
    <assembly>
        <name>Entity</name>
    </assembly>
    <members>
        <member name="T:Entity.Common.Common_ChunkFile">
            <summary>
            分片文件信息
            </summary>
        </member>
        <member name="P:Entity.Common.Common_ChunkFile.Id">
            <summary>
            Id
            </summary>
        </member>
        <member name="P:Entity.Common.Common_ChunkFile.ServerKey">
            <summary>
            服务器标识
            </summary>
        </member>
        <member name="P:Entity.Common.Common_ChunkFile.TaskKey">
            <summary>
            任务标识
            </summary>
        </member>
        <member name="P:Entity.Common.Common_ChunkFile.FileMD5">
            <summary>
            文件MD5校验值
            </summary>
        </member>
        <member name="P:Entity.Common.Common_ChunkFile.MD5">
            <summary>
            分片MD5校验值
            </summary>
        </member>
        <member name="P:Entity.Common.Common_ChunkFile.Index">
            <summary>
            分片索引
            </summary>
        </member>
        <member name="P:Entity.Common.Common_ChunkFile.Specs">
            <summary>
            分片规格
            </summary>
        </member>
        <member name="P:Entity.Common.Common_ChunkFile.Bytes">
            <summary>
            字节数
            </summary>
        </member>
        <member name="P:Entity.Common.Common_ChunkFile.Size">
            <summary>
            文件大小
            </summary>
        </member>
        <member name="P:Entity.Common.Common_ChunkFile.Path">
            <summary>
            文件路径
            </summary>
        </member>
        <member name="P:Entity.Common.Common_ChunkFile.State">
            <summary>
            状态
            </summary>
        </member>
        <member name="P:Entity.Common.Common_ChunkFile.CreatorId">
            <summary>
            创建者
            </summary>
        </member>
        <member name="P:Entity.Common.Common_ChunkFile.CreatorName">
            <summary>
            创建者名称
            </summary>
        </member>
        <member name="P:Entity.Common.Common_ChunkFile.CreateTime">
            <summary>
            创建时间
            </summary>
        </member>
        <member name="T:Entity.Common.Common_ChunkFileMergeTask">
            <summary>
            分片文件合并任务
            </summary>
        </member>
        <member name="P:Entity.Common.Common_ChunkFileMergeTask.Id">
            <summary>
            Id
            </summary>
        </member>
        <member name="P:Entity.Common.Common_ChunkFileMergeTask.ServerKey">
            <summary>
            服务器标识
            </summary>
        </member>
        <member name="P:Entity.Common.Common_ChunkFileMergeTask.MD5">
            <summary>
            文件MD5校验值
            </summary>
        </member>
        <member name="P:Entity.Common.Common_ChunkFileMergeTask.Name">
            <summary>
            名称
            </summary>
        </member>
        <member name="P:Entity.Common.Common_ChunkFileMergeTask.ContentType">
            <summary>
            内容类型
            </summary>
        </member>
        <member name="P:Entity.Common.Common_ChunkFileMergeTask.Extension">
            <summary>
            文件扩展名
            </summary>
        </member>
        <member name="P:Entity.Common.Common_ChunkFileMergeTask.Bytes">
            <summary>
            字节数
            </summary>
        </member>
        <member name="P:Entity.Common.Common_ChunkFileMergeTask.Size">
            <summary>
            文件大小
            </summary>
        </member>
        <member name="P:Entity.Common.Common_ChunkFileMergeTask.Path">
            <summary>
            合并后的文件路径
            </summary>
        </member>
        <member name="P:Entity.Common.Common_ChunkFileMergeTask.Specs">
            <summary>
            分片规格
            </summary>
        </member>
        <member name="P:Entity.Common.Common_ChunkFileMergeTask.Total">
            <summary>
            分片总数
            </summary>
        </member>
        <member name="P:Entity.Common.Common_ChunkFileMergeTask.CurrentChunkIndex">
            <summary>
            当前处理分片的索引
            </summary>
        </member>
        <member name="P:Entity.Common.Common_ChunkFileMergeTask.State">
            <summary>
            状态
            </summary>
        </member>
        <member name="P:Entity.Common.Common_ChunkFileMergeTask.Info">
            <summary>
            信息
            </summary>
        </member>
        <member name="P:Entity.Common.Common_ChunkFileMergeTask.CreateTime">
            <summary>
            创建时间
            </summary>
        </member>
        <member name="P:Entity.Common.Common_ChunkFileMergeTask.ModifyTime">
            <summary>
            最近更新时间
            </summary>
        </member>
        <member name="P:Entity.Common.Common_ChunkFileMergeTask.CompletedTime">
            <summary>
            完成时间
            </summary>
        </member>
        <member name="T:Entity.Common.Common_EntryLog">
            <summary>
            登录日志
            </summary>
        </member>
        <member name="P:Entity.Common.Common_EntryLog.Id">
            <summary>
            Id
            </summary>
        </member>
        <member name="P:Entity.Common.Common_EntryLog.Account">
            <summary>
            账号
            </summary>
        </member>
        <member name="P:Entity.Common.Common_EntryLog.UserType">
            <summary>
            用户类型
            </summary>
        </member>
        <member name="P:Entity.Common.Common_EntryLog.IsAdmin">
            <summary>
            管理员
            </summary>
        </member>
        <member name="P:Entity.Common.Common_EntryLog.Name">
            <summary>
            姓名
            </summary>
        </member>
        <member name="P:Entity.Common.Common_EntryLog.Nickname">
            <summary>
            昵称
            </summary>
        </member>
        <member name="P:Entity.Common.Common_EntryLog.Face">
            <summary>
            头像
            </summary>
        </member>
        <member name="P:Entity.Common.Common_EntryLog.Remark">
            <summary>
            备注
            </summary>
        </member>
        <member name="P:Entity.Common.Common_EntryLog.CreatorId">
            <summary>
            登录人
            </summary>
        </member>
        <member name="P:Entity.Common.Common_EntryLog.CreateTime">
            <summary>
            登录时间
            </summary>
        </member>
        <member name="P:Entity.Common.Common_EntryLog.User">
            <summary>
            用户
            </summary>
        </member>
        <member name="P:Entity.Common.Common_EntryLog.Member">
            <summary>
            会员
            </summary>
        </member>
        <member name="T:Entity.Common.Common_File">
            <summary>
            文件信息
            </summary>
        </member>
        <member name="P:Entity.Common.Common_File.Id">
            <summary>
            Id
            </summary>
        </member>
        <member name="P:Entity.Common.Common_File.Name">
            <summary>
            名称
            </summary>
        </member>
        <member name="P:Entity.Common.Common_File.FileType">
            <summary>
            文件类型
            <para>电子文档</para>
            <para>电子表格</para>
            <para>图片</para>
            <para>音频</para>
            <para>视频</para>
            <para>压缩包</para>
            <para>外链资源</para>
            </summary>
        </member>
        <member name="P:Entity.Common.Common_File.ContentType">
            <summary>
            内容类型
            </summary>
        </member>
        <member name="P:Entity.Common.Common_File.Extension">
            <summary>
            文件扩展名
            </summary>
        </member>
        <member name="P:Entity.Common.Common_File.MD5">
            <summary>
            MD5校验值
            </summary>
        </member>
        <member name="P:Entity.Common.Common_File.ServerKey">
            <summary>
            服务器标识
            </summary>
        </member>
        <member name="P:Entity.Common.Common_File.StorageType">
            <summary>
            存储类型
            <para>Path</para>
            <para>Uri</para>
            <para>Base64</para>
            <para>Base64Url</para>
            </summary>
        </member>
        <member name="P:Entity.Common.Common_File.Path">
            <summary>
            文件路径
            </summary>
        </member>
        <member name="P:Entity.Common.Common_File.Bytes">
            <summary>
            字节数
            </summary>
        </member>
        <member name="P:Entity.Common.Common_File.Size">
            <summary>
            文件大小
            </summary>
        </member>
        <member name="P:Entity.Common.Common_File.State">
            <summary>
            状态
            </summary>
        </member>
        <member name="P:Entity.Common.Common_File.CreateTime">
            <summary>
            创建时间
            </summary>
        </member>
        <member name="P:Entity.Common.Common_File.Common_FileExtensions">
            <summary>
            相关文件拓展信息
            </summary>
        </member>
        <member name="T:Entity.Common.Common_FileExtension">
            <summary>
            文件拓展信息
            </summary>
        </member>
        <member name="P:Entity.Common.Common_FileExtension.Id">
            <summary>
            Id
            </summary>
        </member>
        <member name="P:Entity.Common.Common_FileExtension.FileId">
            <summary>
            文件Id
            </summary>
        </member>
        <member name="P:Entity.Common.Common_FileExtension.Name">
            <summary>
            文件重命名
            </summary>
        </member>
        <member name="P:Entity.Common.Common_FileExtension.State">
            <summary>
            状态
            </summary>
        </member>
        <member name="P:Entity.Common.Common_FileExtension.CreatorId">
            <summary>
            创建者
            </summary>
        </member>
        <member name="P:Entity.Common.Common_FileExtension.CreatorName">
            <summary>
            创建者名称
            </summary>
        </member>
        <member name="P:Entity.Common.Common_FileExtension.CreateTime">
            <summary>
            创建时间
            </summary>
        </member>
        <member name="P:Entity.Common.Common_FileExtension.ModifiedById">
            <summary>
            最近编辑者
            </summary>
        </member>
        <member name="P:Entity.Common.Common_FileExtension.ModifiedByName">
            <summary>
            最近编辑者名称
            </summary>
        </member>
        <member name="P:Entity.Common.Common_FileExtension.ModifyTime">
            <summary>
            最近编辑时间
            </summary>
        </member>
        <member name="P:Entity.Common.Common_FileExtension.Common_File">
            <summary>
            文件信息
            </summary>
        </member>
        <member name="T:Entity.Common.Common_OperationRecord">
            <summary>
            操作记录
            </summary>
        </member>
        <member name="P:Entity.Common.Common_OperationRecord.Id">
            <summary>
            Id
            </summary>
        </member>
        <member name="P:Entity.Common.Common_OperationRecord.DataId">
            <summary>
            数据Id
            </summary>
        </member>
        <member name="P:Entity.Common.Common_OperationRecord.DataType">
            <summary>
            数据类型
            </summary>
            <remarks>值为各数据模型的实体类名</remarks>
        </member>
        <member name="P:Entity.Common.Common_OperationRecord.Account">
            <summary>
            账号
            </summary>
        </member>
        <member name="P:Entity.Common.Common_OperationRecord.UserType">
            <summary>
            用户类型
            </summary>
            <remarks><see cref="!:Model.System.UserType"/></remarks>
        </member>
        <member name="P:Entity.Common.Common_OperationRecord.IsAdmin">
            <summary>
            管理员
            </summary>
        </member>
        <member name="P:Entity.Common.Common_OperationRecord.Explain">
            <summary>
            说明
            </summary>
        </member>
        <member name="P:Entity.Common.Common_OperationRecord.Remark">
            <summary>
            备注
            </summary>
        </member>
        <member name="P:Entity.Common.Common_OperationRecord.CreatorId">
            <summary>
            操作者
            </summary>
        </member>
        <member name="P:Entity.Common.Common_OperationRecord.CreatorName">
            <summary>
            操作者名称
            </summary>
        </member>
        <member name="P:Entity.Common.Common_OperationRecord.CreateTime">
            <summary>
            操作时间
            </summary>
        </member>
        <member name="P:Entity.Common.Common_OperationRecord.User">
            <summary>
            用户
            </summary>
        </member>
        <member name="P:Entity.Common.Common_OperationRecord.Member">
            <summary>
            会员
            </summary>
        </member>
        <member name="T:Entity.Common.Common_WeChatUserInfo">
            <summary>
            微信用户信息
            </summary>
        </member>
        <member name="P:Entity.Common.Common_WeChatUserInfo.Id">
            <summary>
            Id
            </summary>
        </member>
        <member name="P:Entity.Common.Common_WeChatUserInfo.AppId">
            <summary>
            微信公众号标识
            </summary>
        </member>
        <member name="P:Entity.Common.Common_WeChatUserInfo.OpenId">
            <summary>
            用户公众号唯一标识
            </summary>
        </member>
        <member name="P:Entity.Common.Common_WeChatUserInfo.UnionId">
            <summary>
            用户公众平台唯一标识
            </summary>
            <remarks>只有在用户将公众号绑定到微信开放平台帐号后，才会出现该字段。</remarks>
        </member>
        <member name="P:Entity.Common.Common_WeChatUserInfo.GroupId">
            <summary>
            分组标识
            </summary>
        </member>
        <member name="P:Entity.Common.Common_WeChatUserInfo.Nickname">
            <summary>
            昵称
            </summary>
        </member>
        <member name="P:Entity.Common.Common_WeChatUserInfo.HeadimgUrl">
            <summary>
            头像
            </summary>
        </member>
        <member name="P:Entity.Common.Common_WeChatUserInfo.Sex">
            <summary>
            性别
            </summary>
        </member>
        <member name="P:Entity.Common.Common_WeChatUserInfo.City">
            <summary>
            城市
            </summary>
        </member>
        <member name="P:Entity.Common.Common_WeChatUserInfo.Province">
            <summary>
            省份
            </summary>
        </member>
        <member name="P:Entity.Common.Common_WeChatUserInfo.Country">
            <summary>
            国家
            </summary>
        </member>
        <member name="P:Entity.Common.Common_WeChatUserInfo.Language">
            <summary>
            语言
            </summary>
        </member>
        <member name="P:Entity.Common.Common_WeChatUserInfo.Scope">
            <summary>
            用户授权的作用域
            </summary>
            <remarks>逗号[,]分隔</remarks>
        </member>
        <member name="P:Entity.Common.Common_WeChatUserInfo.Enable">
            <summary>
            启用
            </summary>
        </member>
        <member name="P:Entity.Common.Common_WeChatUserInfo.Remark">
            <summary>
            备注
            </summary>
        </member>
        <member name="P:Entity.Common.Common_WeChatUserInfo.CreateTime">
            <summary>
            创建时间
            </summary>
        </member>
        <member name="P:Entity.Common.Common_WeChatUserInfo.ModifyTime">
            <summary>
            最近更新时间
            </summary>
        </member>
        <member name="P:Entity.Common.Common_WeChatUserInfo.Users">
            <summary>
            绑定此微信的用户
            </summary>
        </member>
        <member name="P:Entity.Common.Common_WeChatUserInfo.Members">
            <summary>
            绑定此微信的会员
            </summary>
        </member>
        <member name="T:Entity.Example.Sample_DB">
            <summary>
            示例实体类（数据库）
            </summary>
            <remarks>基础</remarks>
        </member>
        <member name="P:Entity.Example.Sample_DB.Id">
            <summary>
            Id
            </summary>
        </member>
        <member name="P:Entity.Example.Sample_DB.Name">
            <summary>
            名称
            </summary>
        </member>
        <member name="P:Entity.Example.Sample_DB.Content">
            <summary>
            内容
            </summary>
        </member>
        <member name="P:Entity.Example.Sample_DB.Value1">
            <summary>
            值1
            </summary>
        </member>
        <member name="P:Entity.Example.Sample_DB.Enable">
            <summary>
            启用
            </summary>
        </member>
        <member name="P:Entity.Example.Sample_DB.CreatorId">
            <summary>
            创建者
            </summary>
        </member>
        <member name="P:Entity.Example.Sample_DB.CreatorName">
            <summary>
            创建者名称
            </summary>
        </member>
        <member name="P:Entity.Example.Sample_DB.CreateTime">
            <summary>
            创建时间
            </summary>
        </member>
        <member name="P:Entity.Example.Sample_DB.ModifyTime">
            <summary>
            最近修改时间
            </summary>
        </member>
        <member name="T:Entity.Example.Sample_DB_A">
            <summary>
            示例实体类（数据库）
            </summary>
            <remarks>附带导航属性，父子，一对一，多对多，一对多</remarks>
        </member>
        <member name="P:Entity.Example.Sample_DB_A.Id">
            <summary>
            Id
            </summary>
        </member>
        <member name="P:Entity.Example.Sample_DB_A.ParentId">
            <summary>
            父AId
            </summary>
        </member>
        <member name="P:Entity.Example.Sample_DB_A.BId">
            <summary>
            所属B
            </summary>
        </member>
        <member name="P:Entity.Example.Sample_DB_A.Name">
            <summary>
            名称
            </summary>
        </member>
        <member name="P:Entity.Example.Sample_DB_A.Content">
            <summary>
            内容
            </summary>
        </member>
        <member name="P:Entity.Example.Sample_DB_A.CreatorId">
            <summary>
            创建者
            </summary>
        </member>
        <member name="P:Entity.Example.Sample_DB_A.CreatorName">
            <summary>
            创建者名称
            </summary>
        </member>
        <member name="P:Entity.Example.Sample_DB_A.CreateTime">
            <summary>
            创建时间
            </summary>
        </member>
        <member name="P:Entity.Example.Sample_DB_A.ModifyTime">
            <summary>
            最近修改时间
            </summary>
        </member>
        <member name="P:Entity.Example.Sample_DB_A.Parent">
            <summary>
            父A
            </summary>
            <remarks>父</remarks>
        </member>
        <member name="P:Entity.Example.Sample_DB_A.Childs">
            <summary>
            子A
            </summary>
            <remarks>子</remarks>
        </member>
        <member name="P:Entity.Example.Sample_DB_A.Example_DB_B">
            <summary>
            所属B
            </summary>
            <remarks>一对一</remarks>
        </member>
        <member name="P:Entity.Example.Sample_DB_A.Example_DB_Cs">
            <summary>
            相关C
            </summary>
            <remarks>多对多</remarks>
        </member>
        <member name="P:Entity.Example.Sample_DB_A.Example_DB_Ds">
            <summary>
            相关D
            </summary>
            <remarks>一对多</remarks>
        </member>
        <member name="T:Entity.Example.Sample_DB_AC">
            <summary>
            示例实体类-模块信息（数据库）
            </summary>
            <remarks>
            <para>附带导航属性，联合主键，一对一</para>
            <para>联合主键</para>
            </remarks>
        </member>
        <member name="P:Entity.Example.Sample_DB_AC.AId">
            <summary>
            Id
            </summary>
            <remarks>联合主键</remarks>
        </member>
        <member name="P:Entity.Example.Sample_DB_AC.CId">
            <summary>
            Id
            </summary>
            <remarks>联合主键</remarks>
        </member>
        <member name="P:Entity.Example.Sample_DB_AC.CreatorId">
            <summary>
            创建者
            </summary>
        </member>
        <member name="P:Entity.Example.Sample_DB_AC.CreatorName">
            <summary>
            创建者名称
            </summary>
        </member>
        <member name="P:Entity.Example.Sample_DB_AC.CreateTime">
            <summary>
            创建时间
            </summary>
        </member>
        <member name="P:Entity.Example.Sample_DB_AC.Example_DB_A">
            <summary>
            相关A
            </summary>
            <remarks>一对一</remarks>
        </member>
        <member name="P:Entity.Example.Sample_DB_AC.Example_DB_C">
            <summary>
            相关C
            </summary>
            <remarks>一对一</remarks>
        </member>
        <member name="T:Entity.Example.Sample_DB_B">
            <summary>
            示例实体类（数据库）
            </summary>
            <remarks>附带导航属性，一对多</remarks>
        </member>
        <member name="P:Entity.Example.Sample_DB_B.Id">
            <summary>
            Id
            </summary>
        </member>
        <member name="P:Entity.Example.Sample_DB_B.Name">
            <summary>
            名称
            </summary>
        </member>
        <member name="P:Entity.Example.Sample_DB_B.CreatorId">
            <summary>
            创建者
            </summary>
        </member>
        <member name="P:Entity.Example.Sample_DB_B.CreatorName">
            <summary>
            创建者名称
            </summary>
        </member>
        <member name="P:Entity.Example.Sample_DB_B.CreateTime">
            <summary>
            创建时间
            </summary>
        </member>
        <member name="P:Entity.Example.Sample_DB_B.ModifyTime">
            <summary>
            最近修改时间
            </summary>
        </member>
        <member name="P:Entity.Example.Sample_DB_B.Example_DB_As">
            <summary>
            相关A
            </summary>
            <remarks>一对多</remarks>
        </member>
        <member name="T:Entity.Example.Sample_DB_C">
            <summary>
            示例实体类（数据库）
            </summary>
            <remarks>附带导航属性，多对多</remarks>
        </member>
        <member name="P:Entity.Example.Sample_DB_C.Id">
            <summary>
            Id
            </summary>
        </member>
        <member name="P:Entity.Example.Sample_DB_C.Name">
            <summary>
            名称
            </summary>
        </member>
        <member name="P:Entity.Example.Sample_DB_C.CreatorId">
            <summary>
            创建者
            </summary>
        </member>
        <member name="P:Entity.Example.Sample_DB_C.CreatorName">
            <summary>
            创建者名称
            </summary>
        </member>
        <member name="P:Entity.Example.Sample_DB_C.CreateTime">
            <summary>
            创建时间
            </summary>
        </member>
        <member name="P:Entity.Example.Sample_DB_C.ModifyTime">
            <summary>
            最近修改时间
            </summary>
        </member>
        <member name="P:Entity.Example.Sample_DB_C.Example_DB_As">
            <summary>
            相关A
            </summary>
            <remarks>多对多</remarks>
        </member>
        <member name="T:Entity.Example.Sample_DB_D">
            <summary>
            示例实体类（数据库）
            </summary>
            <remarks>附带导航属性，一对一</remarks>
        </member>
        <member name="P:Entity.Example.Sample_DB_D.Id">
            <summary>
            Id
            </summary>
        </member>
        <member name="P:Entity.Example.Sample_DB_D.AId">
            <summary>
            所属A
            </summary>
        </member>
        <member name="P:Entity.Example.Sample_DB_D.Name">
            <summary>
            名称
            </summary>
        </member>
        <member name="P:Entity.Example.Sample_DB_D.CreatorId">
            <summary>
            创建者
            </summary>
        </member>
        <member name="P:Entity.Example.Sample_DB_D.CreatorName">
            <summary>
            创建者名称
            </summary>
        </member>
        <member name="P:Entity.Example.Sample_DB_D.CreateTime">
            <summary>
            创建时间
            </summary>
        </member>
        <member name="P:Entity.Example.Sample_DB_D.ModifyTime">
            <summary>
            最近修改时间
            </summary>
        </member>
        <member name="P:Entity.Example.Sample_DB_D.Example_DB_A">
            <summary>
            所属A
            </summary>
            <remarks>一对一</remarks>
        </member>
        <member name="T:Entity.Example.Sample_ES">
            <summary>
            示例实体类（ES服务）
            </summary>
        </member>
        <member name="P:Entity.Example.Sample_ES.Id">
            <summary>
            Id
            </summary>
        </member>
        <member name="P:Entity.Example.Sample_ES.Name">
            <summary>
            名称
            </summary>
        </member>
        <member name="P:Entity.Example.Sample_ES.Content">
            <summary>
            内容
            </summary>
        </member>
        <member name="P:Entity.Example.Sample_ES.CreatorId">
            <summary>
            创建者
            </summary>
        </member>
        <member name="P:Entity.Example.Sample_ES.CreatorName">
            <summary>
            创建者名称
            </summary>
        </member>
        <member name="P:Entity.Example.Sample_ES.CreateTime">
            <summary>
            创建时间
            </summary>
        </member>
        <member name="P:Entity.Example.Sample_ES.ModifyTime">
            <summary>
            最近编辑时间
            </summary>
        </member>
        <member name="T:Entity.Public.Public_Member">
            <summary>
            会员
            </summary>
        </member>
        <member name="P:Entity.Public.Public_Member.Id">
            <summary>
            Id
            </summary>
        </member>
        <member name="P:Entity.Public.Public_Member.Account">
            <summary>
            账号
            </summary>
        </member>
        <member name="P:Entity.Public.Public_Member.Nickname">
            <summary>
            昵称
            </summary>
        </member>
        <member name="P:Entity.Public.Public_Member.Face">
            <summary>
            头像
            </summary>
        </member>
        <member name="P:Entity.Public.Public_Member.Name">
            <summary>
            姓名
            </summary>
        </member>
        <member name="P:Entity.Public.Public_Member.Sex">
            <summary>
            性别
            </summary>
        </member>
        <member name="P:Entity.Public.Public_Member.Tel">
            <summary>
            手机号码
            </summary>
        </member>
        <member name="P:Entity.Public.Public_Member.Company">
            <summary>
            单位
            </summary>
        </member>
        <member name="P:Entity.Public.Public_Member.Post">
            <summary>
            职务
            </summary>
        </member>
        <member name="P:Entity.Public.Public_Member.Enable">
            <summary>
            启用
            </summary>
        </member>
        <member name="P:Entity.Public.Public_Member.Remark">
            <summary>
            备注
            </summary>
        </member>
        <member name="P:Entity.Public.Public_Member.CreatorId">
            <summary>
            创建者
            </summary>
        </member>
        <member name="P:Entity.Public.Public_Member.CreatorName">
            <summary>
            创建者名称
            </summary>
        </member>
        <member name="P:Entity.Public.Public_Member.CreateTime">
            <summary>
            创建时间
            </summary>
        </member>
        <member name="P:Entity.Public.Public_Member.ModifiedById">
            <summary>
            最近编辑者
            </summary>
        </member>
        <member name="P:Entity.Public.Public_Member.ModifiedByName">
            <summary>
            最近编辑者名称
            </summary>
        </member>
        <member name="P:Entity.Public.Public_Member.ModifyTime">
            <summary>
            最近编辑时间
            </summary>
        </member>
        <member name="P:Entity.Public.Public_Member.Roles">
            <summary>
            授权给此会员的角色
            </summary>
        </member>
        <member name="P:Entity.Public.Public_Member.WeChatUserInfos">
            <summary>
            此会员绑定的微信
            </summary>
        </member>
        <member name="T:Entity.Public.Public_MemberRole">
            <summary>
            会员授权角色
            </summary>
        </member>
        <member name="P:Entity.Public.Public_MemberRole.MemberId">
            <summary>
            会员Id
            </summary>
        </member>
        <member name="P:Entity.Public.Public_MemberRole.RoleId">
            <summary>
            角色Id
            </summary>
        </member>
        <member name="P:Entity.Public.Public_MemberRole.Member">
            <summary>
            会员
            </summary>
        </member>
        <member name="P:Entity.Public.Public_MemberRole.Role">
            <summary>
            角色
            </summary>
        </member>
        <member name="T:Entity.Public.Public_MemberWeChatUserInfo">
            <summary>
            会员绑定的微信
            </summary>
        </member>
        <member name="P:Entity.Public.Public_MemberWeChatUserInfo.MemberId">
            <summary>
            会员Id
            </summary>
        </member>
        <member name="P:Entity.Public.Public_MemberWeChatUserInfo.WeChatUserInfoId">
            <summary>
            微信用户信息Id
            </summary>
        </member>
        <member name="P:Entity.Public.Public_MemberWeChatUserInfo.Member">
            <summary>
            会员
            </summary>
        </member>
        <member name="P:Entity.Public.Public_MemberWeChatUserInfo.WeChatUserInfo">
            <summary>
            微信用户信息
            </summary>
        </member>
        <member name="T:Entity.System.System_ApiLog">
            <summary>
            接口日志
            </summary>
        </member>
        <member name="P:Entity.System.System_ApiLog.Id">
            <summary>
            Id
            </summary>
        </member>
        <member name="P:Entity.System.System_ApiLog.LogType">
            <summary>
            类型
            </summary>
        </member>
        <member name="P:Entity.System.System_ApiLog.LogContent">
            <summary>
            内容
            </summary>
        </member>
        <member name="P:Entity.System.System_ApiLog.Data">
            <summary>
            数据备份（转为JSON字符串）
            </summary>
        </member>
        <member name="P:Entity.System.System_ApiLog.CreatorId">
            <summary>
            操作者
            </summary>
        </member>
        <member name="P:Entity.System.System_ApiLog.CreatorName">
            <summary>
            操作者名称
            </summary>
        </member>
        <member name="P:Entity.System.System_ApiLog.CreateTime">
            <summary>
            操作时间
            </summary>
        </member>
        <member name="P:Entity.System.System_ApiLog.User">
            <summary>
            用户
            </summary>
        </member>
        <member name="T:Entity.System.System_Log">
            <summary>
            系统日志
            </summary>
        </member>
        <member name="P:Entity.System.System_Log.Id">
            <summary>
            Id
            </summary>
        </member>
        <member name="P:Entity.System.System_Log.Level">
            <summary>
            级别
            </summary>
        </member>
        <member name="P:Entity.System.System_Log.LogType">
            <summary>
            类型
            </summary>
        </member>
        <member name="P:Entity.System.System_Log.LogContent">
            <summary>
            内容
            </summary>
        </member>
        <member name="P:Entity.System.System_Log.Data">
            <summary>
            数据备份（转为JSON字符串）
            </summary>
        </member>
        <member name="P:Entity.System.System_Log.CreatorId">
            <summary>
            操作者
            </summary>
        </member>
        <member name="P:Entity.System.System_Log.CreatorName">
            <summary>
            操作者名称
            </summary>
        </member>
        <member name="P:Entity.System.System_Log.CreateTime">
            <summary>
            操作时间
            </summary>
        </member>
        <member name="P:Entity.System.System_Log.User">
            <summary>
            用户
            </summary>
        </member>
        <member name="T:Entity.System.System_Menu">
            <summary>
            菜单
            </summary>
        </member>
        <member name="P:Entity.System.System_Menu.Id">
            <summary>
            Id
            </summary>
        </member>
        <member name="P:Entity.System.System_Menu.RootId">
            <summary>
            根菜单Id
            </summary>
        </member>
        <member name="P:Entity.System.System_Menu.ParentId">
            <summary>
            父级菜单Id
            </summary>
        </member>
        <member name="P:Entity.System.System_Menu.Level">
            <summary>
            层级
            </summary>
        </member>
        <member name="P:Entity.System.System_Menu.Name">
            <summary>
            名称
            </summary>
        </member>
        <member name="P:Entity.System.System_Menu.Type">
            <summary>
            类型
            </summary>
        </member>
        <member name="P:Entity.System.System_Menu.Code">
            <summary>
            编码
            </summary>
        </member>
        <member name="P:Entity.System.System_Menu.Uri">
            <summary>
            链接地址
            </summary>
        </member>
        <member name="P:Entity.System.System_Menu.Method">
            <summary>
            请求方法
            </summary>
        </member>
        <member name="P:Entity.System.System_Menu.Icon">
            <summary>
            图标
            </summary>
        </member>
        <member name="P:Entity.System.System_Menu.Cache">
            <summary>
            启用缓存
            </summary>
        </member>
        <member name="P:Entity.System.System_Menu.Enable">
            <summary>
            启用
            </summary>
        </member>
        <member name="P:Entity.System.System_Menu.Sort">
            <summary>
            排序值
            </summary>
        </member>
        <member name="P:Entity.System.System_Menu.Remark">
            <summary>
            备注
            </summary>
        </member>
        <member name="P:Entity.System.System_Menu.CreatorId">
            <summary>
            创建者
            </summary>
        </member>
        <member name="P:Entity.System.System_Menu.CreatorName">
            <summary>
            创建者名称
            </summary>
        </member>
        <member name="P:Entity.System.System_Menu.CreateTime">
            <summary>
            创建时间
            </summary>
        </member>
        <member name="P:Entity.System.System_Menu.ModifiedById">
            <summary>
            最近编辑者
            </summary>
        </member>
        <member name="P:Entity.System.System_Menu.ModifiedByName">
            <summary>
            最近编辑者名称
            </summary>
        </member>
        <member name="P:Entity.System.System_Menu.ModifyTime">
            <summary>
            最近编辑时间
            </summary>
        </member>
        <member name="P:Entity.System.System_Menu.Root">
            <summary>
            根菜单
            </summary>
        </member>
        <member name="P:Entity.System.System_Menu.Parent">
            <summary>
            父级菜单
            </summary>
        </member>
        <member name="P:Entity.System.System_Menu.Childs">
            <summary>
            子菜单
            </summary>
        </member>
        <member name="P:Entity.System.System_Menu.Users">
            <summary>
            被授权此菜单的用户
            </summary>
        </member>
        <member name="P:Entity.System.System_Menu.Roles">
            <summary>
            被授权此菜单的角色
            </summary>
        </member>
        <member name="P:Entity.System.System_Menu.Resources">
            <summary>
            此菜单关联的资源
            </summary>
        </member>
        <member name="T:Entity.System.System_MenuResources">
            <summary>
            菜单相关资源
            </summary>
        </member>
        <member name="P:Entity.System.System_MenuResources.MenuId">
            <summary>
            角色Id
            </summary>
        </member>
        <member name="P:Entity.System.System_MenuResources.ResourcesId">
            <summary>
            资源Id
            </summary>
        </member>
        <member name="P:Entity.System.System_MenuResources.Menu">
            <summary>
            菜单
            </summary>
        </member>
        <member name="P:Entity.System.System_MenuResources.Resources">
            <summary>
            资源
            </summary>
        </member>
        <member name="T:Entity.System.System_Resources">
            <summary>
            资源
            </summary>
        </member>
        <member name="P:Entity.System.System_Resources.Id">
            <summary>
            Id
            </summary>
        </member>
        <member name="P:Entity.System.System_Resources.Name">
            <summary>
            名称
            </summary>
        </member>
        <member name="P:Entity.System.System_Resources.Type">
            <summary>
            类型
            </summary>
        </member>
        <member name="P:Entity.System.System_Resources.Code">
            <summary>
            编码
            </summary>
        </member>
        <member name="P:Entity.System.System_Resources.Uri">
            <summary>
            链接地址
            </summary>
        </member>
        <member name="P:Entity.System.System_Resources.Icon">
            <summary>
            图标
            </summary>
        </member>
        <member name="P:Entity.System.System_Resources.Enable">
            <summary>
            启用
            </summary>
        </member>
        <member name="P:Entity.System.System_Resources.Remark">
            <summary>
            备注
            </summary>
        </member>
        <member name="P:Entity.System.System_Resources.CreatorId">
            <summary>
            创建者
            </summary>
        </member>
        <member name="P:Entity.System.System_Resources.CreatorName">
            <summary>
            创建者名称
            </summary>
        </member>
        <member name="P:Entity.System.System_Resources.CreateTime">
            <summary>
            创建时间
            </summary>
        </member>
        <member name="P:Entity.System.System_Resources.ModifiedById">
            <summary>
            最近编辑者
            </summary>
        </member>
        <member name="P:Entity.System.System_Resources.ModifiedByName">
            <summary>
            最近编辑者名称
            </summary>
        </member>
        <member name="P:Entity.System.System_Resources.ModifyTime">
            <summary>
            最近编辑时间
            </summary>
        </member>
        <member name="P:Entity.System.System_Resources.Roles">
            <summary>
            被授权此资源的角色
            </summary>
        </member>
        <member name="P:Entity.System.System_Resources.Users">
            <summary>
            被授权此资源的用户
            </summary>
        </member>
        <member name="P:Entity.System.System_Resources.Menus">
            <summary>
            关联此资源的菜单
            </summary>
        </member>
        <member name="T:Entity.System.System_Role">
            <summary>
            角色
            </summary>
        </member>
        <member name="P:Entity.System.System_Role.Id">
            <summary>
            Id
            </summary>
        </member>
        <member name="P:Entity.System.System_Role.RootId">
            <summary>
            根角色Id
            </summary>
        </member>
        <member name="P:Entity.System.System_Role.ParentId">
            <summary>
            父级角色Id
            </summary>
        </member>
        <member name="P:Entity.System.System_Role.Level">
            <summary>
            层级
            </summary>
        </member>
        <member name="P:Entity.System.System_Role.Name">
            <summary>
            名称
            </summary>
        </member>
        <member name="P:Entity.System.System_Role.Type">
            <summary>
            类型
            </summary>
        </member>
        <member name="P:Entity.System.System_Role.Code">
            <summary>
            编码
            </summary>
        </member>
        <member name="P:Entity.System.System_Role.Icon">
            <summary>
            图标
            </summary>
        </member>
        <member name="P:Entity.System.System_Role.Enable">
            <summary>
            启用
            </summary>
        </member>
        <member name="P:Entity.System.System_Role.Sort">
            <summary>
            排序值
            </summary>
        </member>
        <member name="P:Entity.System.System_Role.AutoAuthorizeRoleForUser">
            <summary>
            自动授权角色给系统用户
            </summary>
            <remarks>
            <para>创建角色后自动授权给所有已创建的系统用户</para>
            <para>创建系统用户时自动授权此角色</para>
            </remarks>
        </member>
        <member name="P:Entity.System.System_Role.AutoAuthorizeRoleForMember">
            <summary>
            自动授权角色给会员
            </summary>
            <remarks>
            <para>创建角色后自动授权给所有已创建的会员</para>
            <para>创建会员时自动授权此角色</para>
            </remarks>
        </member>
        <member name="P:Entity.System.System_Role.Remark">
            <summary>
            备注
            </summary>
        </member>
        <member name="P:Entity.System.System_Role.CreatorId">
            <summary>
            创建者
            </summary>
        </member>
        <member name="P:Entity.System.System_Role.CreatorName">
            <summary>
            创建者名称
            </summary>
        </member>
        <member name="P:Entity.System.System_Role.CreateTime">
            <summary>
            创建时间
            </summary>
        </member>
        <member name="P:Entity.System.System_Role.ModifiedById">
            <summary>
            最近编辑者
            </summary>
        </member>
        <member name="P:Entity.System.System_Role.ModifiedByName">
            <summary>
            最近编辑者名称
            </summary>
        </member>
        <member name="P:Entity.System.System_Role.ModifyTime">
            <summary>
            最近编辑时间
            </summary>
        </member>
        <member name="P:Entity.System.System_Role.Parent">
            <summary>
            父级角色
            </summary>
        </member>
        <member name="P:Entity.System.System_Role.Childs">
            <summary>
            子角色
            </summary>
        </member>
        <member name="P:Entity.System.System_Role.Users">
            <summary>
            被授权此角色的用户
            </summary>
        </member>
        <member name="P:Entity.System.System_Role.Menus">
            <summary>
            授权给此角色的菜单
            </summary>
        </member>
        <member name="P:Entity.System.System_Role.Resources">
            <summary>
            授权给此角色的资源
            </summary>
        </member>
        <member name="P:Entity.System.System_Role.Members">
            <summary>
            被授权此角色的会员
            </summary>
        </member>
        <member name="T:Entity.System.System_RoleMenu">
            <summary>
            角色授权菜单
            </summary>
        </member>
        <member name="P:Entity.System.System_RoleMenu.RoleId">
            <summary>
            角色Id
            </summary>
        </member>
        <member name="P:Entity.System.System_RoleMenu.MenuId">
            <summary>
            菜单Id
            </summary>
        </member>
        <member name="P:Entity.System.System_RoleMenu.Role">
            <summary>
            角色
            </summary>
        </member>
        <member name="P:Entity.System.System_RoleMenu.Menu">
            <summary>
            菜单
            </summary>
        </member>
        <member name="T:Entity.System.System_RoleResources">
            <summary>
            角色授权资源
            </summary>
        </member>
        <member name="P:Entity.System.System_RoleResources.RoleId">
            <summary>
            角色Id
            </summary>
        </member>
        <member name="P:Entity.System.System_RoleResources.ResourcesId">
            <summary>
            资源Id
            </summary>
        </member>
        <member name="P:Entity.System.System_RoleResources.Role">
            <summary>
            角色
            </summary>
        </member>
        <member name="P:Entity.System.System_RoleResources.Resources">
            <summary>
            资源
            </summary>
        </member>
        <member name="T:Entity.System.System_User">
            <summary>
            系统用户
            </summary>
        </member>
        <member name="P:Entity.System.System_User.Id">
            <summary>
            Id
            </summary>
        </member>
        <member name="P:Entity.System.System_User.Account">
            <summary>
            账号
            </summary>
        </member>
        <member name="P:Entity.System.System_User.Password">
            <summary>
            密码
            </summary>
        </member>
        <member name="P:Entity.System.System_User.Nickname">
            <summary>
            昵称
            </summary>
        </member>
        <member name="P:Entity.System.System_User.Name">
            <summary>
            姓名
            </summary>
        </member>
        <member name="P:Entity.System.System_User.Sex">
            <summary>
            性别
            </summary>
        </member>
        <member name="P:Entity.System.System_User.Tel">
            <summary>
            手机号码
            </summary>
        </member>
        <member name="P:Entity.System.System_User.Face">
            <summary>
            头像
            </summary>
        </member>
        <member name="P:Entity.System.System_User.Enable">
            <summary>
            启用
            </summary>
        </member>
        <member name="P:Entity.System.System_User.Remark">
            <summary>
            备注
            </summary>
        </member>
        <member name="P:Entity.System.System_User.CreatorId">
            <summary>
            创建者
            </summary>
        </member>
        <member name="P:Entity.System.System_User.CreatorName">
            <summary>
            创建者名称
            </summary>
        </member>
        <member name="P:Entity.System.System_User.CreateTime">
            <summary>
            创建时间
            </summary>
        </member>
        <member name="P:Entity.System.System_User.ModifiedById">
            <summary>
            最近编辑者
            </summary>
        </member>
        <member name="P:Entity.System.System_User.ModifiedByName">
            <summary>
            最近编辑者名称
            </summary>
        </member>
        <member name="P:Entity.System.System_User.ModifyTime">
            <summary>
            最近编辑时间
            </summary>
        </member>
        <member name="P:Entity.System.System_User.FaceFile">
            <summary>
            头像文件
            </summary>
        </member>
        <member name="P:Entity.System.System_User.Roles">
            <summary>
            授权给此用户的角色
            </summary>
        </member>
        <member name="P:Entity.System.System_User.Menus">
            <summary>
            直接授权给此用户的菜单
            </summary>
        </member>
        <member name="P:Entity.System.System_User.Resources">
            <summary>
            直接授权给此用户的资源
            </summary>
        </member>
        <member name="P:Entity.System.System_User.WeChatUserInfos">
            <summary>
            此用户绑定的微信
            </summary>
        </member>
        <member name="T:Entity.System.System_UserMenu">
            <summary>
            用户授权菜单
            </summary>
        </member>
        <member name="P:Entity.System.System_UserMenu.UserId">
            <summary>
            用户Id
            </summary>
        </member>
        <member name="P:Entity.System.System_UserMenu.MenuId">
            <summary>
            菜单Id
            </summary>
        </member>
        <member name="P:Entity.System.System_UserMenu.User">
            <summary>
            用户
            </summary>
        </member>
        <member name="P:Entity.System.System_UserMenu.Menu">
            <summary>
            菜单
            </summary>
        </member>
        <member name="T:Entity.System.System_UserResources">
            <summary>
            用户授权资源
            </summary>
        </member>
        <member name="P:Entity.System.System_UserResources.UserId">
            <summary>
            用户Id
            </summary>
        </member>
        <member name="P:Entity.System.System_UserResources.ResourcesId">
            <summary>
            资源Id
            </summary>
        </member>
        <member name="P:Entity.System.System_UserResources.User">
            <summary>
            用户
            </summary>
        </member>
        <member name="P:Entity.System.System_UserResources.Resources">
            <summary>
            资源
            </summary>
        </member>
        <member name="T:Entity.System.System_UserRole">
            <summary>
            用户授权角色
            </summary>
        </member>
        <member name="P:Entity.System.System_UserRole.UserId">
            <summary>
            用户Id
            </summary>
        </member>
        <member name="P:Entity.System.System_UserRole.RoleId">
            <summary>
            角色Id
            </summary>
        </member>
        <member name="P:Entity.System.System_UserRole.User">
            <summary>
            用户
            </summary>
        </member>
        <member name="P:Entity.System.System_UserRole.Role">
            <summary>
            角色
            </summary>
        </member>
        <member name="T:Entity.System.System_UserWeChatUserInfo">
            <summary>
            用户绑定的微信
            </summary>
        </member>
        <member name="P:Entity.System.System_UserWeChatUserInfo.UserId">
            <summary>
            用户Id
            </summary>
        </member>
        <member name="P:Entity.System.System_UserWeChatUserInfo.WeChatUserInfoId">
            <summary>
            微信用户信息Id
            </summary>
        </member>
        <member name="P:Entity.System.System_UserWeChatUserInfo.User">
            <summary>
            用户
            </summary>
        </member>
        <member name="P:Entity.System.System_UserWeChatUserInfo.WeChatUserInfo">
            <summary>
            微信用户信息
            </summary>
        </member>
    </members>
</doc>
