﻿{
  //单数据库配置
  "Single": {
    //"ConnectString": "Server=.;Database=SimpleApi;User Id=2021;Password=2021123456;",
    //"DatabaseType": "SqlServer",
    //"ConnectString": "Server=localhost;Port=3306;Database=simpleapi;User ID=root_2021;Password=2021123456;Charset=utf8mb4;SslMode=none;Max pool size=500;",
    "ConnectString": "Server=121.5.146.9;Port=3307;Database=simpleapi;User ID=root;Password=-3068-4411-8b9E-;Charset=utf8;SslMode=none;Max pool size=500;AllowLoadLocalInfile=true;",
    "DatabaseType": "MySql",
    //"ConnectString": "Driver={MySQL ODBC 8.0 Unicode Driver}; Server=127.0.0.1;Persist Security Info=False; Trusted_Connection=Yes;UID=root_2021;PWD=2021123456; DATABASE=simpleapi;Charset=utf8mb4; SslMode=none;Max Pool Size=500",
    //"DatabaseType": "OdbcMySql",
    "EntityAssembly": [ "Entity" ]
  },
  //多数据库配置
  "Multi": [
    {
      "Name": "MySql",
      "Enable": false,
      "ConnectString": "Data Source=127.0.0.1;Port=3306;User ID=;Password=; Initial Catalog=;Charset=utf8; SslMode=none;Min pool size=1;Max pool size=500;",
      "DatabaseType": "MySql",
      "EntityAssembly": "Entity"
    },
    {
      "Name": "MySql",
      "Enable": false,
      "ConnectString": "Driver={MySQL ODBC 8.0 Unicode Driver}; Server=127.0.0.1;Persist Security Info=False; Trusted_Connection=Yes;UID=;PWD=; DATABASE=;Charset=utf8; SslMode=none;Max Pool Size=500",
      //"ConnectString": "Driver={MariaDB ODBC 3.1 Driver}; Server=127.0.0.1;Persist Security Info=False; Trusted_Connection=Yes;UID=;PWD=; DATABASE=;Charset=utf8mb4; SslMode=none;Max Pool Size=500",
      "DatabaseType": "OdbcMySql",
      "EntityAssembly": "Entity"
    },
    {
      "Name": "微软",
      "Enable": false,
      "ConnectString": "Server=url;Database=database;User Id=uid;Password=pwd;",
      "DatabaseType": "SqlServer",
      "EntityAssembly": "Entity"
    },
    {
      "Name": "达梦",
      "Enable": false,
      "ConnectString": "server=url;port=port;user id=uid;password=pwd;database=databse;poolsize=1",
      "DatabaseType": "Dameng",
      "EntityAssembly": "Entity"
    },
    {
      "Name": "Oracle",
      "Enable": false,
      "ConnectString": "user id=uid;password=pwd;data source=//ip:port/ORCL;Pooling=true;Min Pool Size=1;",
      "DatabaseType": "Oracle",
      "EntityAssembly": "Entity"
    }
  ]
}